{
  "name": "tinymce",
  "description": "Web based JavaScript HTML WYSIWYG editor control.",
  "license": "LGPL-2.1",
  "keywords": [
    "editor",
    "wysiwyg",
    "tinymce",
    "richtext",
    "javascript",
    "html"
  ],
  "homepage": "http://www.tinymce.com",
  "ignore": [
    "readme.md",
    "composer.json",
    "package.json",
    ".npmignore",
    "changelog.txt"
  ],
  "version": "4.5.8",
  "_release": "4.5.8",
  "_resolution": {
    "type": "version",
    "tag": "4.5.8",
    "commit": "b1a185342e17e8bf331459c41c36b63e1d089117"
  },
  "_source": "https://github.com/tinymce/tinymce-dist.git",
  "_target": "~4.5.1",
  "_originalSource": "tinymce"
}